DATA,SURSA_FURNIZOR,SURSA_DEPOZIT,AGENT,DESTINATIE_FURNIZOR,DESTINATIE_DEPOZIT,SURSA_DEPOZIT_JUDET,ROR_COD,OUG5_2015,OUG5_2015_ANEXA4,GRUPA,ARTICOL_NUME,SURSA_CANTITATE,SURSA_GREUTATE,AVIZ_NIR,TRANSPORT_ID,CANTITATE_RECEPTIONATA,GREUTATE_RECEPTIONATA,CANTITATE_B,GREUTATE_B,MOTIV_COLECTARE,MOTIV_COLECTARE_SURSA,NUMAR,PRODUCATOR,SURSA_NUME,SURSA_JUDET,TIP_INTRARE
1/12/21,REMATEX,REMATEX,SISTEM LOCAL DE COLECTARE - CENTRU S.R.L. ,SISTEM LOCAL DE COLECTARE - CENTRU S.R.L. ,Centru Colectare Zalau,Salaj,20 01 35*,3D,2,ECRANE,Monitoare CRT,2,24,201361,15824,2,45,,,REMAT; ,,,,,,intrare prin NIR
1/12/21,REMATEX,REMATEX,SISTEM LOCAL DE COLECTARE - CENTRU S.R.L. ,SISTEM LOCAL DE COLECTARE - CENTRU S.R.L. ,Centru Colectare Zalau,Salaj,20 01 35*,3D_1,2,ECRANE,Monitoare LCD,1,8,201361,15824,1,7,,,REMAT; ,,,,,,intrare prin NIR
1/12/21,REMATEX,REMATEX,SISTEM LOCAL DE COLECTARE - CENTRU S.R.L. ,SISTEM LOCAL DE COLECTARE - CENTRU S.R.L. ,Centru Colectare Zalau,Salaj,20 01 35*,4B,2,ECRANE,Televizoare CRT,9,225,201361,15824,9,122,,,REMAT; ,,,,,,intrare prin NIR
1/12/21,REMATEX,REMATEX,SISTEM LOCAL DE COLECTARE - CENTRU S.R.L. ,SISTEM LOCAL DE COLECTARE - CENTRU S.R.L. ,Centru Colectare Zalau,Salaj,20 01 35*,4B_1,2,ECRANE,Televizoare LCD,5,100,201361,15824,5,87,,,REMAT; ,,,,,,intrare prin NIR
1/12/21,ROYAL DISTRIBUTION S.R.L.,ROYAL JIBOU,SISTEM LOCAL DE COLECTARE - CENTRU S.R.L. ,SISTEM LOCAL DE COLECTARE - CENTRU S.R.L. ,Centru Colectare Zalau,Salaj,20 01 23*,1B_1,1,C&F,Aparate frigorifice cu continut pentan,2,92,201358,15823,,,,,Magazin; ,CASARE,,,,,intrare prin NIR
1/12/21,ROYAL DISTRIBUTION S.R.L.,ROYAL JIBOU,SISTEM LOCAL DE COLECTARE - CENTRU S.R.L. ,SISTEM LOCAL DE COLECTARE - CENTRU S.R.L. ,Centru Colectare Zalau,Salaj,20 01 36,1H,4,LDA,Masini de gatit,1,33,201358,15823,1,43,,,Magazin; ,CASARE,,,,,intrare prin NIR
1/12/21,ROYAL DISTRIBUTION S.R.L.,ROYAL JIBOU,SISTEM LOCAL DE COLECTARE - CENTRU S.R.L. ,SISTEM LOCAL DE COLECTARE - CENTRU S.R.L. ,Centru Colectare Zalau,Salaj,20 01 36,1E,4,LDA,Masini de spalat ,6,306,201358,15823,,,,,Magazin; ,CASARE,,,,,intrare prin NIR
1/12/21,,,,SISTEM LOCAL DE COLECTARE - CENTRU S.R.L. ,Centru Colectare Zalau,Salaj,20 01 36,1K,5,SDA,Cuptoare cu microunde,,,201347,,9,120,,,SLC,,,,Zalau,Salaj,intrare initiala
1/12/21,,,,SISTEM LOCAL DE COLECTARE - CENTRU S.R.L. ,Centru Colectare Zalau,Salaj,20 01 36,1K,5,SDA,Cuptoare cu microunde,,,201349,,3,35,,,MINICARAVANA,,,, Vârșolț,Salaj,intrare initiala
1/12/21,,,,SISTEM LOCAL DE COLECTARE - CENTRU S.R.L. ,Centru Colectare Zalau,Salaj,20 01 35*,3D,2,ECRANE,Monitoare CRT,,,201356,,12,172,,,SLC,,,,Zalau,Salaj,intrare initiala
1/12/21,,,,SISTEM LOCAL DE COLECTARE - CENTRU S.R.L. ,Centru Colectare Zalau,Salaj,20 01 35*,3D_1,2,ECRANE,Monitoare LCD,,,201356,,2,8,,,SLC,,,,Zalau,Salaj,intrare initiala
1/12/21,,,,SISTEM LOCAL DE COLECTARE - CENTRU S.R.L. ,Centru Colectare Zalau,Salaj,20 01 35*,4B,2,ECRANE,Televizoare CRT,,,201356,,66,1182,,,SLC,,,,Zalau,Salaj,intrare initiala
1/12/21,,,,SISTEM LOCAL DE COLECTARE - CENTRU S.R.L. ,Centru Colectare Zalau,Salaj,20 01 35*,3D,2,ECRANE,Monitoare CRT,,,201359,,2,24,,,MINICARAVANA,,,,Vârșolț,Salaj,intrare initiala
1/12/21,,,,SISTEM LOCAL DE COLECTARE - CENTRU S.R.L. ,Centru Colectare Zalau,Salaj,20 01 35*,4B,2,ECRANE,Televizoare CRT,,,201359,,8,153,,,MINICARAVANA,,,,Vârșolț,Salaj,intrare initiala
1/12/21,,,,SISTEM LOCAL DE COLECTARE - CENTRU S.R.L. ,Centru Colectare Zalau,Salaj,20 01 35*,4B,2,ECRANE,Televizoare CRT,,,201363,,4,62,,,SLC,,,,Zalau,Salaj,intrare initiala
1/12/21,,,,SISTEM LOCAL DE COLECTARE - CENTRU S.R.L. ,Centru Colectare Zalau,Salaj,20 01 36,3A,6,UC,Unitati centrale de mici dimensiuni <50 cm ,,,201363,,1,9,,,SLC,,,,Zalau,Salaj,intrare initiala
1/12/21,,,,SISTEM LOCAL DE COLECTARE - CENTRU S.R.L. ,Centru Colectare Zalau,Salaj,20 01 36,3E,6,UC,Calculatoare personale ,,,201365,,4,13,,,SLC,,,,Zalau,Salaj,intrare initiala
1/12/21,,,,SISTEM LOCAL DE COLECTARE - CENTRU S.R.L. ,Centru Colectare Zalau,Salaj,20 01 36,3A,6,UC,Unitati centrale de mici dimensiuni <50 cm ,,,201365,,17,131,,,SLC,,,,Zalau,Salaj,intrare initiala
1/13/21,,,,SISTEM LOCAL DE COLECTARE - CENTRU S.R.L. ,Centru Colectare Zalau,Salaj,20 01 36,3E,6,UC,Calculatoare personale ,,,201376,,1,1,,,SLC,,,,Centru,Salaj,intrare initiala
1/13/21,,,,SISTEM LOCAL DE COLECTARE - CENTRU S.R.L. ,Centru Colectare Zalau,Salaj,20 01 36,3A,6,UC,Unitati centrale de mici dimensiuni <50 cm ,,,201377,,1,10,,,SLC,,,,Centru,Salaj,intrare initiala
1/20/21,MURE COM SRL,MURE COM,SISTEM LOCAL DE COLECTARE - CENTRU S.R.L. ,SISTEM LOCAL DE COLECTARE - CENTRU S.R.L. ,Centru Colectare Zalau,Salaj,20 01 23*,1B_1,1,C&F,Aparate frigorifice cu continut pentan,6,276,201705,15865,6,294,,,Magazin; ,CASARE,,,,,intrare prin NIR
1/20/21,MURE COM SRL,MURE COM,SISTEM LOCAL DE COLECTARE - CENTRU S.R.L. ,SISTEM LOCAL DE COLECTARE - CENTRU S.R.L. ,Centru Colectare Zalau,Salaj,20 01 36,1H,4,LDA,Masini de gatit,2,66,201705,15865,2,64,,,Magazin; ,CASARE,,,,,intrare prin NIR
1/20/21,MURE COM SRL,MURE COM,SISTEM LOCAL DE COLECTARE - CENTRU S.R.L. ,SISTEM LOCAL DE COLECTARE - CENTRU S.R.L. ,Centru Colectare Zalau,Salaj,20 01 36,1E,4,LDA,Masini de spalat ,3,153,201705,15865,3,194,,,Magazin; ,CASARE,,,,,intrare prin NIR
1/20/21,REMATEX,REMATEX,SISTEM LOCAL DE COLECTARE - CENTRU S.R.L. ,SISTEM LOCAL DE COLECTARE - CENTRU S.R.L. ,Centru Colectare Zalau,Salaj,20 01 36,3L,6,SDA,Alte echipamente IT,4,20,201707,15866,4,7,,,REMAT; ,,,,,,intrare prin NIR
1/20/21,REMATEX,REMATEX,SISTEM LOCAL DE COLECTARE - CENTRU S.R.L. ,SISTEM LOCAL DE COLECTARE - CENTRU S.R.L. ,Centru Colectare Zalau,Salaj,20 01 36,2I,5,SDA,Alte echipamente de mici dimensiuni < 50 cm,18,36,201707,15866,18,54,,,REMAT; ,,,,,,intrare prin NIR
1/20/21,REMATEX,REMATEX,SISTEM LOCAL DE COLECTARE - CENTRU S.R.L. ,SISTEM LOCAL DE COLECTARE - CENTRU S.R.L. ,Centru Colectare Zalau,Salaj,20 01 36,4A,5,SDA,Aparate de radio,4,16,201707,15866,4,23,,,REMAT; ,,,,,,intrare prin NIR
1/20/21,REMATEX,REMATEX,SISTEM LOCAL DE COLECTARE - CENTRU S.R.L. ,SISTEM LOCAL DE COLECTARE - CENTRU S.R.L. ,Centru Colectare Zalau,Salaj,20 01 36,2A,5,SDA,Aspiratoare,3,15,201707,15866,3,18,,,REMAT; ,,,,,,intrare prin NIR
1/20/21,REMATEX,REMATEX,SISTEM LOCAL DE COLECTARE - CENTRU S.R.L. ,SISTEM LOCAL DE COLECTARE - CENTRU S.R.L. ,Centru Colectare Zalau,Salaj,20 01 36,4H,5,SDA,Echipamente de reproducere sunete si imagini < 50 cm,7,21,201707,15866,7,30,,,REMAT; ,,,,,,intrare prin NIR
1/20/21,REMATEX,REMATEX,SISTEM LOCAL DE COLECTARE - CENTRU S.R.L. ,SISTEM LOCAL DE COLECTARE - CENTRU S.R.L. ,Centru Colectare Zalau,Salaj,20 01 36,3H,6,SDA,Imprimante,4,32,201707,15866,4,30,,,REMAT; ,,,,,,intrare prin NIR
1/20/21,REMATEX,REMATEX,SISTEM LOCAL DE COLECTARE - CENTRU S.R.L. ,SISTEM LOCAL DE COLECTARE - CENTRU S.R.L. ,Centru Colectare Zalau,Salaj,20 01 36,1E,4,LDA,Masini de spalat ,1,51,201707,15866,1,89,,,REMAT; ,,,,,,intrare prin NIR
1/20/21,ROYAL DISTRIBUTION S.R.L.,ROYAL JIBOU,SISTEM LOCAL DE COLECTARE - CENTRU S.R.L. ,SISTEM LOCAL DE COLECTARE - CENTRU S.R.L. ,Centru Colectare Zalau,Salaj,20 01 23*,1B_1,1,C&F,Aparate frigorifice cu continut pentan,2,92,201709,15867,2,70,,,Magazin; ,CASARE,,,,,intrare prin NIR
1/20/21,ROYAL DISTRIBUTION S.R.L.,ROYAL JIBOU,SISTEM LOCAL DE COLECTARE - CENTRU S.R.L. ,SISTEM LOCAL DE COLECTARE - CENTRU S.R.L. ,Centru Colectare Zalau,Salaj,20 01 36,1E,4,LDA,Masini de spalat ,6,306,201709,15867,6,347,,,Magazin; ,CASARE,,,,,intrare prin NIR
1/20/21,SAT AN S.R.L.,SAT AN CEHU SILVANIEI,SISTEM LOCAL DE COLECTARE - CENTRU S.R.L. ,SISTEM LOCAL DE COLECTARE - CENTRU S.R.L. ,Centru Colectare Zalau,Salaj,20 01 23*,1B_1,1,C&F,Aparate frigorifice cu continut pentan,5,230,201711,15868,5,205,,,Magazin; ,CASARE,,,,,intrare prin NIR
1/20/21,SAT AN S.R.L.,SAT AN CEHU SILVANIEI,SISTEM LOCAL DE COLECTARE - CENTRU S.R.L. ,SISTEM LOCAL DE COLECTARE - CENTRU S.R.L. ,Centru Colectare Zalau,Salaj,20 01 36,1E,4,LDA,Masini de spalat ,9,459,201711,15868,9,558,,,Magazin; ,CASARE,,,,,intrare prin NIR
1/20/21,SAT AN S.R.L.,SAT AN SIMLEU SILVANIEI,SISTEM LOCAL DE COLECTARE - CENTRU S.R.L. ,SISTEM LOCAL DE COLECTARE - CENTRU S.R.L. ,Centru Colectare Zalau,Salaj,20 01 23*,1B_1,1,C&F,Aparate frigorifice cu continut pentan,6,276,201713,15869,6,255,,,Magazin; ,CASARE,,,,,intrare prin NIR
1/20/21,SAT AN S.R.L.,SAT AN SIMLEU SILVANIEI,SISTEM LOCAL DE COLECTARE - CENTRU S.R.L. ,SISTEM LOCAL DE COLECTARE - CENTRU S.R.L. ,Centru Colectare Zalau,Salaj,20 01 36,1E,4,LDA,Masini de spalat ,18,918,201713,15869,18,1095,,,Magazin; ,CASARE,,,,,intrare prin NIR
1/20/21,SAT AN S.R.L.,SAT AN ZALAU,SISTEM LOCAL DE COLECTARE - CENTRU S.R.L. ,SISTEM LOCAL DE COLECTARE - CENTRU S.R.L. ,Centru Colectare Zalau,Salaj,20 01 23*,1B_1,1,C&F,Aparate frigorifice cu continut pentan,9,414,201715,15874,9,419,,,Magazin; ,CASARE,,,,,intrare prin NIR
1/20/21,SAT AN S.R.L.,SAT AN ZALAU,SISTEM LOCAL DE COLECTARE - CENTRU S.R.L. ,SISTEM LOCAL DE COLECTARE - CENTRU S.R.L. ,Centru Colectare Zalau,Salaj,20 01 36,1E,4,LDA,Masini de spalat ,15,765,201715,15874,15,856,,,Magazin; ,CASARE,,,,,intrare prin NIR
1/20/21,,,,SISTEM LOCAL DE COLECTARE - CENTRU S.R.L. ,Centru Colectare Zalau,Salaj,20 01 36,3L,6,SDA,Alte echipamente IT,,,201716,,5,10,,,INSTITUTII / FIRME,,,,ELECTRON COMPANY,Salaj,intrare initiala
1/20/21,,,,SISTEM LOCAL DE COLECTARE - CENTRU S.R.L. ,Centru Colectare Zalau,Salaj,20 01 36,3C,4,LDA,Imprimante > 50 cm ,,,201716,,1,115,,,INSTITUTII / FIRME,,,,ELECTRON COMPANY,Salaj,intrare initiala
1/20/21,,,,SISTEM LOCAL DE COLECTARE - CENTRU S.R.L. ,Centru Colectare Zalau,Salaj,20 01 36,3L,6,SDA,Alte echipamente IT,,,201717,,13,2,,,INSTITUTII / FIRME,,,,ALTEX ZALAU,Salaj,intrare initiala
1/20/21,,,,SISTEM LOCAL DE COLECTARE - CENTRU S.R.L. ,Centru Colectare Zalau,Salaj,20 01 36,2I,5,SDA,Alte echipamente de mici dimensiuni < 50 cm,,,201717,,47,15,,,INSTITUTII / FIRME,,,,ALTEX ZALAU,Salaj,intrare initiala
1/20/21,,,,SISTEM LOCAL DE COLECTARE - CENTRU S.R.L. ,Centru Colectare Zalau,Salaj,20 01 36,3T,6,SDA,Alte echipamente de telecomunicatie,,,201717,,3,2,,,INSTITUTII / FIRME,,,,ALTEX ZALAU,Salaj,intrare initiala
1/20/21,,,,SISTEM LOCAL DE COLECTARE - CENTRU S.R.L. ,Centru Colectare Zalau,Salaj,20 01 36,1P,5,SDA,Alte echipamente de ventilare si climatizare ,,,201717,,4,3,,,INSTITUTII / FIRME,,,,ALTEX ZALAU,Salaj,intrare initiala
1/20/21,,,,SISTEM LOCAL DE COLECTARE - CENTRU S.R.L. ,Centru Colectare Zalau,Salaj,20 01 36,4A,5,SDA,Aparate de radio,,,201717,,1,1,,,INSTITUTII / FIRME,,,,ALTEX ZALAU,Salaj,intrare initiala
1/20/21,,,,SISTEM LOCAL DE COLECTARE - CENTRU S.R.L. ,Centru Colectare Zalau,Salaj,20 01 36,2A,5,SDA,Aspiratoare,,,201717,,1,4,,,INSTITUTII / FIRME,,,,ALTEX ZALAU,Salaj,intrare initiala
1/20/21,,,,SISTEM LOCAL DE COLECTARE - CENTRU S.R.L. ,Centru Colectare Zalau,Salaj,20 01 36,4H,5,SDA,Echipamente de reproducere sunete si imagini < 50 cm,,,201717,,17,5,,,INSTITUTII / FIRME,,,,ALTEX ZALAU,Salaj,intrare initiala
1/20/21,,,,SISTEM LOCAL DE COLECTARE - CENTRU S.R.L. ,Centru Colectare Zalau,Salaj,20 01 36,2I,5,SDA,Alte echipamente de mici dimensiuni < 50 cm,,,201718,,6,8,,,MINICARAVANA,,,,Vârșolț,Salaj,intrare initiala
1/20/21,,,,SISTEM LOCAL DE COLECTARE - CENTRU S.R.L. ,Centru Colectare Zalau,Salaj,20 01 36,4A,5,SDA,Aparate de radio,,,201718,,2,6,,,MINICARAVANA,,,,Vârșolț,Salaj,intrare initiala
1/20/21,,,,SISTEM LOCAL DE COLECTARE - CENTRU S.R.L. ,Centru Colectare Zalau,Salaj,20 01 23*,1B_1,1,C&F,Aparate frigorifice cu continut pentan,,,201718,,6,248,,,MINICARAVANA,,,,Vârșolț,Salaj,intrare initiala
1/20/21,,,,SISTEM LOCAL DE COLECTARE - CENTRU S.R.L. ,Centru Colectare Zalau,Salaj,20 01 36,2A,5,SDA,Aspiratoare,,,201718,,2,9,,,MINICARAVANA,,,,Vârșolț,Salaj,intrare initiala
1/20/21,,,,SISTEM LOCAL DE COLECTARE - CENTRU S.R.L. ,Centru Colectare Zalau,Salaj,20 01 36,1K,5,SDA,Cuptoare cu microunde,,,201718,,1,10,,,MINICARAVANA,,,,Vârșolț,Salaj,intrare initiala
1/20/21,,,,SISTEM LOCAL DE COLECTARE - CENTRU S.R.L. ,Centru Colectare Zalau,Salaj,20 01 36,1H,4,LDA,Masini de gatit,,,201718,,6,212,,,MINICARAVANA,,,,Vârșolț,Salaj,intrare initiala
1/20/21,,,,SISTEM LOCAL DE COLECTARE - CENTRU S.R.L. ,Centru Colectare Zalau,Salaj,20 01 36,1E,4,LDA,Masini de spalat ,,,201718,,2,73,,,MINICARAVANA,,,,Vârșolț,Salaj,intrare initiala
1/20/21,,,,SISTEM LOCAL DE COLECTARE - CENTRU S.R.L. ,Centru Colectare Zalau,Salaj,20 01 35*,3D,2,ECRANE,Monitoare CRT,,,201718,,1,18,,,MINICARAVANA,,,,Vârșolț,Salaj,intrare initiala
1/20/21,,,,SISTEM LOCAL DE COLECTARE - CENTRU S.R.L. ,Centru Colectare Zalau,Salaj,20 01 35*,3D_1,2,ECRANE,Monitoare LCD,,,201718,,2,8,,,MINICARAVANA,,,,Vârșolț,Salaj,intrare initiala
1/20/21,,,,SISTEM LOCAL DE COLECTARE - CENTRU S.R.L. ,Centru Colectare Zalau,Salaj,20 01 35*,4B,2,ECRANE,Televizoare CRT,,,201718,,8,193,,,MINICARAVANA,,,,Vârșolț,Salaj,intrare initiala
1/20/21,,,,SISTEM LOCAL DE COLECTARE - CENTRU S.R.L. ,Centru Colectare Zalau,Salaj,20 01 36,3L,6,SDA,Alte echipamente IT,,,201719,,1,1,,,MINICARAVANA,,,,Nușfalău,Salaj,intrare initiala
1/20/21,,,,SISTEM LOCAL DE COLECTARE - CENTRU S.R.L. ,Centru Colectare Zalau,Salaj,20 01 36,5F,5,SDA,Alte echipamente de iluminat  ,,,201719,,4,5,,,MINICARAVANA,,,,Nușfalău,Salaj,intrare initiala
1/20/21,,,,SISTEM LOCAL DE COLECTARE - CENTRU S.R.L. ,Centru Colectare Zalau,Salaj,20 01 36,2I,5,SDA,Alte echipamente de mici dimensiuni < 50 cm,,,201719,,11,21,,,MINICARAVANA,,,,Nușfalău,Salaj,intrare initiala
1/20/21,,,,SISTEM LOCAL DE COLECTARE - CENTRU S.R.L. ,Centru Colectare Zalau,Salaj,20 01 36,4A,5,SDA,Aparate de radio,,,201719,,4,21,,,MINICARAVANA,,,,Nușfalău,Salaj,intrare initiala
1/20/21,,,,SISTEM LOCAL DE COLECTARE - CENTRU S.R.L. ,Centru Colectare Zalau,Salaj,20 01 36,2A,5,SDA,Aspiratoare,,,201719,,5,28,,,MINICARAVANA,,,,Nușfalău,Salaj,intrare initiala
1/20/21,,,,SISTEM LOCAL DE COLECTARE - CENTRU S.R.L. ,Centru Colectare Zalau,Salaj,20 01 36,1K,5,SDA,Cuptoare cu microunde,,,201719,,3,35,,,MINICARAVANA,,,,Nușfalău,Salaj,intrare initiala
1/20/21,,,,SISTEM LOCAL DE COLECTARE - CENTRU S.R.L. ,Centru Colectare Zalau,Salaj,20 01 36,3H,6,SDA,Imprimante,,,201719,,1,15,,,MINICARAVANA,,,,Nușfalău,Salaj,intrare initiala
1/20/21,,,,SISTEM LOCAL DE COLECTARE - CENTRU S.R.L. ,Centru Colectare Zalau,Salaj,20 01 36,1H,4,LDA,Masini de gatit,,,201719,,1,53,,,MINICARAVANA,,,,Nușfalău,Salaj,intrare initiala
1/20/21,,,,SISTEM LOCAL DE COLECTARE - CENTRU S.R.L. ,Centru Colectare Zalau,Salaj,20 01 36,1E,4,LDA,Masini de spalat ,,,201719,,1,68,,,MINICARAVANA,,,,Nușfalău,Salaj,intrare initiala
1/20/21,,,,SISTEM LOCAL DE COLECTARE - CENTRU S.R.L. ,Centru Colectare Zalau,Salaj,20 01 35*,3D,2,ECRANE,Monitoare CRT,,,201719,,6,92,,,MINICARAVANA,,,,Nușfalău,Salaj,intrare initiala
1/20/21,,,,SISTEM LOCAL DE COLECTARE - CENTRU S.R.L. ,Centru Colectare Zalau,Salaj,20 01 35*,4B,2,ECRANE,Televizoare CRT,,,201719,,11,242,,,MINICARAVANA,,,,Nușfalău,Salaj,intrare initiala
1/20/21,,,,SISTEM LOCAL DE COLECTARE - CENTRU S.R.L. ,Centru Colectare Zalau,Salaj,20 01 35*,4B_1,2,ECRANE,Televizoare LCD,,,201719,,3,33,,,MINICARAVANA,,,,Nușfalău,Salaj,intrare initiala
1/20/21,,,,SISTEM LOCAL DE COLECTARE - CENTRU S.R.L. ,Centru Colectare Zalau,Salaj,20 01 36,3L,6,SDA,Alte echipamente IT,,,201722,,11,12,,,SLC,,,,Zalau,Salaj,intrare initiala
1/20/21,,,,SISTEM LOCAL DE COLECTARE - CENTRU S.R.L. ,Centru Colectare Zalau,Salaj,20 01 36,5F,5,SDA,Alte echipamente de iluminat  ,,,201722,,1,4,,,SLC,,,,Zalau,Salaj,intrare initiala
1/20/21,,,,SISTEM LOCAL DE COLECTARE - CENTRU S.R.L. ,Centru Colectare Zalau,Salaj,20 01 36,2I,5,SDA,Alte echipamente de mici dimensiuni < 50 cm,,,201722,,56,137,,,SLC,,,,Zalau,Salaj,intrare initiala
1/20/21,,,,SISTEM LOCAL DE COLECTARE - CENTRU S.R.L. ,Centru Colectare Zalau,Salaj,20 01 36,1P,5,SDA,Alte echipamente de ventilare si climatizare ,,,201722,,1,3,,,SLC,,,,Zalau,Salaj,intrare initiala
1/20/21,,,,SISTEM LOCAL DE COLECTARE - CENTRU S.R.L. ,Centru Colectare Zalau,Salaj,20 01 36,4A,5,SDA,Aparate de radio,,,201722,,9,38,,,SLC,,,,Zalau,Salaj,intrare initiala
1/20/21,,,,SISTEM LOCAL DE COLECTARE - CENTRU S.R.L. ,Centru Colectare Zalau,Salaj,20 01 23*,1B_1,1,C&F,Aparate frigorifice cu continut pentan,,,201722,,19,702,,,SLC,,,,Zalau,Salaj,intrare initiala
1/20/21,,,,SISTEM LOCAL DE COLECTARE - CENTRU S.R.L. ,Centru Colectare Zalau,Salaj,20 01 36,2A,5,SDA,Aspiratoare,,,201722,,11,57,,,SLC,,,,Zalau,Salaj,intrare initiala
1/20/21,,,,SISTEM LOCAL DE COLECTARE - CENTRU S.R.L. ,Centru Colectare Zalau,Salaj,20 01 36,1K,5,SDA,Cuptoare cu microunde,,,201722,,2,20,,,SLC,,,,Zalau,Salaj,intrare initiala
1/20/21,,,,SISTEM LOCAL DE COLECTARE - CENTRU S.R.L. ,Centru Colectare Zalau,Salaj,20 01 36,4H,5,SDA,Echipamente de reproducere sunete si imagini < 50 cm,,,201722,,14,54,,,SLC,,,,Zalau,Salaj,intrare initiala
1/20/21,,,,SISTEM LOCAL DE COLECTARE - CENTRU S.R.L. ,Centru Colectare Zalau,Salaj,20 01 36,3H,6,SDA,Imprimante,,,201722,,14,94,,,SLC,,,,Zalau,Salaj,intrare initiala
1/20/21,,,,SISTEM LOCAL DE COLECTARE - CENTRU S.R.L. ,Centru Colectare Zalau,Salaj,20 01 36,1H,4,LDA,Masini de gatit,,,201722,,4,146,,,SLC,,,,Zalau,Salaj,intrare initiala
1/20/21,,,,SISTEM LOCAL DE COLECTARE - CENTRU S.R.L. ,Centru Colectare Zalau,Salaj,20 01 36,1E,4,LDA,Masini de spalat ,,,201722,,25,1677,,,SLC,,,,Zalau,Salaj,intrare initiala
1/20/21,,,,SISTEM LOCAL DE COLECTARE - CENTRU S.R.L. ,Centru Colectare Zalau,Salaj,20 01 35*,4B,2,ECRANE,Televizoare CRT,,,201722,,3,58,,,SLC,,,,Zalau,Salaj,intrare initiala
1/20/21,,,,SISTEM LOCAL DE COLECTARE - CENTRU S.R.L. ,Centru Colectare Zalau,Salaj,20 01 36,6D,5,SDA,Unelte electrice si electronice,,,201722,,1,4,,,SLC,,,,Zalau,Salaj,intrare initiala
1/20/21,,,,SISTEM LOCAL DE COLECTARE - CENTRU S.R.L. ,Centru Colectare Zalau,Salaj,20 01 23*,1B_1,1,C&F,Aparate frigorifice cu continut pentan,,,201724,,3,175,,,SLC,,,,Moisa Claudiu,Salaj,intrare initiala
1/20/21,,,,SISTEM LOCAL DE COLECTARE - CENTRU S.R.L. ,Centru Colectare Zalau,Salaj,20 01 36,1E,4,LDA,Masini de spalat ,,,201724,,6,432,,,SLC,,,,Moisa Claudiu,Salaj,intrare initiala
1/20/21,,,,SISTEM LOCAL DE COLECTARE - CENTRU S.R.L. ,Centru Colectare Zalau,Salaj,20 01 35*,4B,2,ECRANE,Televizoare CRT,,,201724,,3,47,,,SLC,,,,Moisa Claudiu,Salaj,intrare initiala
1/20/21,,,,SISTEM LOCAL DE COLECTARE - CENTRU S.R.L. ,Centru Colectare Zalau,Salaj,20 01 35*,4B_1,2,ECRANE,Televizoare LCD,,,201724,,1,4,,,SLC,,,,Moisa Claudiu,Salaj,intrare initiala
1/20/21,,,,SISTEM LOCAL DE COLECTARE - CENTRU S.R.L. ,Centru Colectare Zalau,Salaj,20 01 35*,3D,2,ECRANE,Monitoare CRT,,,201725,,1,18,,,SLC,,,,Centru,Salaj,intrare initiala
1/20/21,,,,SISTEM LOCAL DE COLECTARE - CENTRU S.R.L. ,Centru Colectare Zalau,Salaj,20 01 35*,4B,2,ECRANE,Televizoare CRT,,,201725,,3,43,,,SLC,,,,Centru,Salaj,intrare initiala
1/20/21,,,,SISTEM LOCAL DE COLECTARE - CENTRU S.R.L. ,Centru Colectare Zalau,Salaj,20 01 35*,4B_1,2,ECRANE,Televizoare LCD,,,201725,,1,4,,,SLC,,,,Centru,Salaj,intrare initiala
1/20/21,,,,SISTEM LOCAL DE COLECTARE - CENTRU S.R.L. ,Centru Colectare Zalau,Salaj,20 01 36,2I,5,SDA,Alte echipamente de mici dimensiuni < 50 cm,,,201726,,10,120,,,MINICARAVANA,,,,Nușfalău,Salaj,intrare initiala
1/20/21,,,,SISTEM LOCAL DE COLECTARE - CENTRU S.R.L. ,Centru Colectare Zalau,Salaj,20 01 36,4A,5,SDA,Aparate de radio,,,201726,,1,1,,,MINICARAVANA,,,,Nușfalău,Salaj,intrare initiala
1/20/21,,,,SISTEM LOCAL DE COLECTARE - CENTRU S.R.L. ,Centru Colectare Zalau,Salaj,20 01 23*,1B_1,1,C&F,Aparate frigorifice cu continut pentan,,,201726,,2,78,,,MINICARAVANA,,,,Nușfalău,Salaj,intrare initiala
1/20/21,,,,SISTEM LOCAL DE COLECTARE - CENTRU S.R.L. ,Centru Colectare Zalau,Salaj,20 01 36,1K,5,SDA,Cuptoare cu microunde,,,201726,,1,7,,,MINICARAVANA,,,,Nușfalău,Salaj,intrare initiala
1/20/21,,,,SISTEM LOCAL DE COLECTARE - CENTRU S.R.L. ,Centru Colectare Zalau,Salaj,20 01 36,1E,4,LDA,Masini de spalat ,,,201726,,1,79,,,MINICARAVANA,,,,Nușfalău,Salaj,intrare initiala
1/20/21,,,,SISTEM LOCAL DE COLECTARE - CENTRU S.R.L. ,Centru Colectare Zalau,Salaj,20 01 35*,4B,2,ECRANE,Televizoare CRT,,,201726,,4,112,,,MINICARAVANA,,,,Nușfalău,Salaj,intrare initiala
1/20/21,,,,SISTEM LOCAL DE COLECTARE - CENTRU S.R.L. ,Centru Colectare Zalau,Salaj,20 01 35*,4B_1,2,ECRANE,Televizoare LCD,,,201726,,1,5,,,MINICARAVANA,,,,Nușfalău,Salaj,intrare initiala
1/20/21,,,,SISTEM LOCAL DE COLECTARE - CENTRU S.R.L. ,Centru Colectare Zalau,Salaj,20 01 36,2I,5,SDA,Alte echipamente de mici dimensiuni < 50 cm,,,201729,,1,5,,,SLC,,,,Blaga Maria,Salaj,intrare initiala
1/20/21,,,,SISTEM LOCAL DE COLECTARE - CENTRU S.R.L. ,Centru Colectare Zalau,Salaj,20 01 35*,4B,2,ECRANE,Televizoare CRT,,,201729,,2,30,,,SLC,,,,Blaga Maria,Salaj,intrare initiala
1/21/21,,,,SISTEM LOCAL DE COLECTARE - CENTRU S.R.L. ,Centru Colectare Zalau,Salaj,20 01 36,2I,5,SDA,Alte echipamente de mici dimensiuni < 50 cm,,,201757,,16,26,,,SLC,,,,Chirila Lucia,Salaj,intrare initiala
1/21/21,,,,SISTEM LOCAL DE COLECTARE - CENTRU S.R.L. ,Centru Colectare Zalau,Salaj,20 01 36,1K,5,SDA,Cuptoare cu microunde,,,201757,,1,16,,,SLC,,,,Chirila Lucia,Salaj,intrare initiala
1/21/21,,,,SISTEM LOCAL DE COLECTARE - CENTRU S.R.L. ,Centru Colectare Zalau,Salaj,20 01 36,3H,6,SDA,Imprimante,,,201757,,5,50,,,SLC,,,,Chirila Lucia,Salaj,intrare initiala
1/21/21,,,,SISTEM LOCAL DE COLECTARE - CENTRU S.R.L. ,Centru Colectare Zalau,Salaj,20 01 35*,4B_1,2,ECRANE,Televizoare LCD,,,201757,,1,38,,,SLC,,,,Chirila Lucia,Salaj,intrare initiala
1/23/21,,,,SISTEM LOCAL DE COLECTARE - CENTRU S.R.L. ,Centru Colectare Zalau,Salaj,20 01 36,2I,5,SDA,Alte echipamente de mici dimensiuni < 50 cm,,,201808,,5,22,,,MINICARAVANA,,,,Nușfalău,Salaj,intrare initiala
1/23/21,,,,SISTEM LOCAL DE COLECTARE - CENTRU S.R.L. ,Centru Colectare Zalau,Salaj,20 01 36,2A,5,SDA,Aspiratoare,,,201808,,4,17,,,MINICARAVANA,,,,Nușfalău,Salaj,intrare initiala
1/23/21,,,,SISTEM LOCAL DE COLECTARE - CENTRU S.R.L. ,Centru Colectare Zalau,Salaj,20 01 36,1K,5,SDA,Cuptoare cu microunde,,,201808,,1,12,,,MINICARAVANA,,,,Nușfalău,Salaj,intrare initiala
1/23/21,,,,SISTEM LOCAL DE COLECTARE - CENTRU S.R.L. ,Centru Colectare Zalau,Salaj,20 01 36,4H,5,SDA,Echipamente de reproducere sunete si imagini < 50 cm,,,201808,,1,8,,,MINICARAVANA,,,,Nușfalău,Salaj,intrare initiala
1/23/21,,,,SISTEM LOCAL DE COLECTARE - CENTRU S.R.L. ,Centru Colectare Zalau,Salaj,20 01 35*,4B,2,ECRANE,Televizoare CRT,,,201808,,12,288,,,MINICARAVANA,,,,Nușfalău,Salaj,intrare initiala
1/23/21,,,,SISTEM LOCAL DE COLECTARE - CENTRU S.R.L. ,Centru Colectare Zalau,Salaj,20 01 36,3L,6,SDA,Alte echipamente IT,,,201809,,1,1,,,SLC,,,,Zalau,Salaj,intrare initiala
1/23/21,,,,SISTEM LOCAL DE COLECTARE - CENTRU S.R.L. ,Centru Colectare Zalau,Salaj,20 01 36,2I,5,SDA,Alte echipamente de mici dimensiuni < 50 cm,,,201809,,6,9,,,SLC,,,,Zalau,Salaj,intrare initiala
1/23/21,,,,SISTEM LOCAL DE COLECTARE - CENTRU S.R.L. ,Centru Colectare Zalau,Salaj,20 01 36,1P,5,SDA,Alte echipamente de ventilare si climatizare ,,,201809,,1,3,,,SLC,,,,Zalau,Salaj,intrare initiala
1/23/21,,,,SISTEM LOCAL DE COLECTARE - CENTRU S.R.L. ,Centru Colectare Zalau,Salaj,20 01 36,2A,5,SDA,Aspiratoare,,,201809,,1,5,,,SLC,,,,Zalau,Salaj,intrare initiala
1/23/21,,,,SISTEM LOCAL DE COLECTARE - CENTRU S.R.L. ,Centru Colectare Zalau,Salaj,20 01 36,4H,5,SDA,Echipamente de reproducere sunete si imagini < 50 cm,,,201809,,1,3,,,SLC,,,,Zalau,Salaj,intrare initiala
1/23/21,,,,SISTEM LOCAL DE COLECTARE - CENTRU S.R.L. ,Centru Colectare Zalau,Salaj,20 01 35*,4B,2,ECRANE,Televizoare CRT,,,201809,,1,32,,,SLC,,,,Zalau,Salaj,intrare initiala
1/26/21,,,,SISTEM LOCAL DE COLECTARE - CENTRU S.R.L. ,Centru Colectare Zalau,Salaj,20 01 36,3L,6,SDA,Alte echipamente IT,,,201875,,19,119,,,SLC,,,,Zalau,Salaj,intrare initiala
1/26/21,,,,SISTEM LOCAL DE COLECTARE - CENTRU S.R.L. ,Centru Colectare Zalau,Salaj,20 01 36,5F,5,SDA,Alte echipamente de iluminat  ,,,201875,,3,11,,,SLC,,,,Zalau,Salaj,intrare initiala
1/26/21,,,,SISTEM LOCAL DE COLECTARE - CENTRU S.R.L. ,Centru Colectare Zalau,Salaj,20 01 36,2I,5,SDA,Alte echipamente de mici dimensiuni < 50 cm,,,201875,,24,126,,,SLC,,,,Zalau,Salaj,intrare initiala
1/26/21,,,,SISTEM LOCAL DE COLECTARE - CENTRU S.R.L. ,Centru Colectare Zalau,Salaj,20 01 36,2A,5,SDA,Aspiratoare,,,201875,,1,5,,,SLC,,,,Zalau,Salaj,intrare initiala
1/26/21,,,,SISTEM LOCAL DE COLECTARE - CENTRU S.R.L. ,Centru Colectare Zalau,Salaj,20 01 36,1K,5,SDA,Cuptoare cu microunde,,,201875,,1,11,,,SLC,,,,Zalau,Salaj,intrare initiala
1/26/21,,,,SISTEM LOCAL DE COLECTARE - CENTRU S.R.L. ,Centru Colectare Zalau,Salaj,20 01 36,4H,5,SDA,Echipamente de reproducere sunete si imagini < 50 cm,,,201875,,3,61,,,SLC,,,,Zalau,Salaj,intrare initiala
1/26/21,,,,SISTEM LOCAL DE COLECTARE - CENTRU S.R.L. ,Centru Colectare Zalau,Salaj,20 01 35*,4B,2,ECRANE,Televizoare CRT,,,201875,,3,67,,,SLC,,,,Zalau,Salaj,intrare initiala
1/26/21,,,,SISTEM LOCAL DE COLECTARE - CENTRU S.R.L. ,Centru Colectare Zalau,Salaj,20 01 36,6D,5,SDA,Unelte electrice si electronice,,,201875,,1,4,,,SLC,,,,Zalau,Salaj,intrare initiala
1/27/21,MURE COM SRL,MURE COM,SISTEM LOCAL DE COLECTARE - CENTRU S.R.L. ,SISTEM LOCAL DE COLECTARE - CENTRU S.R.L. ,Centru Colectare Zalau,Salaj,20 01 23*,1B_1,1,C&F,Aparate frigorifice cu continut pentan,2,92,202189,15993,2,85,,,Magazin; ,CASARE,,,,,intrare prin NIR
1/27/21,MURE COM SRL,MURE COM,SISTEM LOCAL DE COLECTARE - CENTRU S.R.L. ,SISTEM LOCAL DE COLECTARE - CENTRU S.R.L. ,Centru Colectare Zalau,Salaj,20 01 36,1E,4,LDA,Masini de spalat ,3,153,202189,15993,3,179,,,Magazin; ,CASARE,,,,,intrare prin NIR
1/27/21,ROYAL DISTRIBUTION S.R.L.,ROYAL JIBOU,SISTEM LOCAL DE COLECTARE - CENTRU S.R.L. ,SISTEM LOCAL DE COLECTARE - CENTRU S.R.L. ,Centru Colectare Zalau,Salaj,20 01 23*,1B_1,1,C&F,Aparate frigorifice cu continut pentan,2,92,202191,15994,2,67,,,Magazin; ,CASARE,,,,,intrare prin NIR
1/27/21,ROYAL DISTRIBUTION S.R.L.,ROYAL JIBOU,SISTEM LOCAL DE COLECTARE - CENTRU S.R.L. ,SISTEM LOCAL DE COLECTARE - CENTRU S.R.L. ,Centru Colectare Zalau,Salaj,20 01 36,1H,4,LDA,Masini de gatit,1,33,202191,15994,1,39,,,Magazin; ,CASARE,,,,,intrare prin NIR
1/27/21,ROYAL DISTRIBUTION S.R.L.,ROYAL JIBOU,SISTEM LOCAL DE COLECTARE - CENTRU S.R.L. ,SISTEM LOCAL DE COLECTARE - CENTRU S.R.L. ,Centru Colectare Zalau,Salaj,20 01 36,1E,4,LDA,Masini de spalat ,5,255,202191,15994,5,319,,,Magazin; ,CASARE,,,,,intrare prin NIR
1/27/21,SAT AN S.R.L.,SAT AN CEHU SILVANIEI,SISTEM LOCAL DE COLECTARE - CENTRU S.R.L. ,SISTEM LOCAL DE COLECTARE - CENTRU S.R.L. ,Centru Colectare Zalau,Salaj,20 01 23*,1B_1,1,C&F,Aparate frigorifice cu continut pentan,6,276,202184,15992,6,260,,,Magazin; ,CASARE,,,,,intrare prin NIR
1/27/21,SAT AN S.R.L.,SAT AN CEHU SILVANIEI,SISTEM LOCAL DE COLECTARE - CENTRU S.R.L. ,SISTEM LOCAL DE COLECTARE - CENTRU S.R.L. ,Centru Colectare Zalau,Salaj,20 01 36,1E,4,LDA,Masini de spalat ,9,459,202184,15992,9,489,,,Magazin; ,CASARE,,,,,intrare prin NIR
1/27/21,,,,SISTEM LOCAL DE COLECTARE - CENTRU S.R.L. ,Centru Colectare Zalau,Salaj,20 01 36,5F,5,SDA,Alte echipamente de iluminat  ,,,201983,,1,3,,,SLC,,,,Boghiș,Salaj,intrare initiala
1/27/21,,,,SISTEM LOCAL DE COLECTARE - CENTRU S.R.L. ,Centru Colectare Zalau,Salaj,20 01 36,2I,5,SDA,Alte echipamente de mici dimensiuni < 50 cm,,,201983,,6,12,,,SLC,,,,Boghiș,Salaj,intrare initiala
1/27/21,,,,SISTEM LOCAL DE COLECTARE - CENTRU S.R.L. ,Centru Colectare Zalau,Salaj,20 01 36,1P,5,SDA,Alte echipamente de ventilare si climatizare ,,,201983,,1,4,,,SLC,,,,Boghiș,Salaj,intrare initiala
1/27/21,,,,SISTEM LOCAL DE COLECTARE - CENTRU S.R.L. ,Centru Colectare Zalau,Salaj,20 01 36,2A,5,SDA,Aspiratoare,,,201983,,3,13,,,SLC,,,,Boghiș,Salaj,intrare initiala
1/27/21,,,,SISTEM LOCAL DE COLECTARE - CENTRU S.R.L. ,Centru Colectare Zalau,Salaj,20 01 36,1K,5,SDA,Cuptoare cu microunde,,,201983,,2,27,,,SLC,,,,Boghiș,Salaj,intrare initiala
1/27/21,,,,SISTEM LOCAL DE COLECTARE - CENTRU S.R.L. ,Centru Colectare Zalau,Salaj,20 01 36,4H,5,SDA,Echipamente de reproducere sunete si imagini < 50 cm,,,201983,,1,4,,,SLC,,,,Boghiș,Salaj,intrare initiala
1/27/21,,,,SISTEM LOCAL DE COLECTARE - CENTRU S.R.L. ,Centru Colectare Zalau,Salaj,20 01 35*,3D,2,ECRANE,Monitoare CRT,,,201983,,1,16,,,SLC,,,,Boghiș,Salaj,intrare initiala
1/27/21,,,,SISTEM LOCAL DE COLECTARE - CENTRU S.R.L. ,Centru Colectare Zalau,Salaj,20 01 35*,4B,2,ECRANE,Televizoare CRT,,,201983,,8,153,,,SLC,,,,Boghiș,Salaj,intrare initiala
1/27/21,,,,SISTEM LOCAL DE COLECTARE - CENTRU S.R.L. ,Centru Colectare Zalau,Salaj,20 01 35*,4B_1,2,ECRANE,Televizoare LCD,,,201983,,2,14,,,SLC,,,,Boghiș,Salaj,intrare initiala
1/27/21,,,,SISTEM LOCAL DE COLECTARE - CENTRU S.R.L. ,Centru Colectare Zalau,Salaj,20 01 36,1K,5,SDA,Cuptoare cu microunde,,,201990,,1,13,,,SLC,,,,Zalau,Salaj,intrare initiala
1/27/21,,,,SISTEM LOCAL DE COLECTARE - CENTRU S.R.L. ,Centru Colectare Zalau,Salaj,20 01 35*,4B,2,ECRANE,Televizoare CRT,,,201990,,3,49,,,SLC,,,,Zalau,Salaj,intrare initiala
1/27/21,,,,SISTEM LOCAL DE COLECTARE - CENTRU S.R.L. ,Centru Colectare Zalau,Salaj,20 01 36,3E,6,UC,Calculatoare personale ,,,202178,,1,0.3,,,INSTITUTII / FIRME,,,,Altex Zalau,Salaj,intrare initiala
1/27/21,,,,SISTEM LOCAL DE COLECTARE - CENTRU S.R.L. ,Centru Colectare Zalau,Salaj,20 01 36,3S,6,GSM,Telefoane mobile,,,202178,,11,2,,,INSTITUTII / FIRME,,,,Altex Zalau,Salaj,intrare initiala
1/27/21,,,,SISTEM LOCAL DE COLECTARE - CENTRU S.R.L. ,Centru Colectare Zalau,Salaj,20 01 36,3A,6,UC,Unitati centrale de mici dimensiuni <50 cm ,,,202180,,1,8,,,INSTITUTII / FIRME,,,,ELECTRON COMPANY,Salaj,intrare initiala
1/27/21,,,,SISTEM LOCAL DE COLECTARE - CENTRU S.R.L. ,Centru Colectare Zalau,Salaj,20 01 36,1L,4,LDA,Alte echipamente de mari dimensiuni > 50 cm,,,202193,,2,40,,,SLC,,,,Zalau,Salaj,intrare initiala
1/27/21,,,,SISTEM LOCAL DE COLECTARE - CENTRU S.R.L. ,Centru Colectare Zalau,Salaj,20 01 23*,1B_1,1,C&F,Aparate frigorifice cu continut pentan,,,202193,,5,261,,,SLC,,,,Zalau,Salaj,intrare initiala
1/27/21,,,,SISTEM LOCAL DE COLECTARE - CENTRU S.R.L. ,Centru Colectare Zalau,Salaj,20 01 36,3C,4,LDA,Imprimante > 50 cm ,,,202193,,2,165,,,SLC,,,,Zalau,Salaj,intrare initiala
1/27/21,,,,SISTEM LOCAL DE COLECTARE - CENTRU S.R.L. ,Centru Colectare Zalau,Salaj,20 01 36,1H,4,LDA,Masini de gatit,,,202193,,1,25,,,SLC,,,,Zalau,Salaj,intrare initiala
1/27/21,,,,SISTEM LOCAL DE COLECTARE - CENTRU S.R.L. ,Centru Colectare Zalau,Salaj,20 01 36,1E,4,LDA,Masini de spalat ,,,202193,,6,466,,,SLC,,,,Zalau,Salaj,intrare initiala
1/27/21,,,,SISTEM LOCAL DE COLECTARE - CENTRU S.R.L. ,Centru Colectare Zalau,Salaj,20 01 36,3A,6,UC,Unitati centrale de mici dimensiuni <50 cm ,,,202193,,4,29,,,SLC,,,,Zalau,Salaj,intrare initiala
1/27/21,,,,SISTEM LOCAL DE COLECTARE - CENTRU S.R.L. ,Centru Colectare Zalau,Salaj,20 01 23*,1B_1,1,C&F,Aparate frigorifice cu continut pentan,,,202195,,2,82,,,MINICARAVANA,,,,Boghiș,Salaj,intrare initiala
1/27/21,,,,SISTEM LOCAL DE COLECTARE - CENTRU S.R.L. ,Centru Colectare Zalau,Salaj,20 01 36,3A,6,UC,Unitati centrale de mici dimensiuni <50 cm ,,,202195,,1,5,,,MINICARAVANA,,,,Boghiș,Salaj,intrare initiala
1/27/21,,,,SISTEM LOCAL DE COLECTARE - CENTRU S.R.L. ,Centru Colectare Zalau,Salaj,20 01 36,3A,6,UC,Unitati centrale de mici dimensiuni <50 cm ,,,202196,,3,25,,,MINICARAVANA,,,,Nușfalău,Salaj,intrare initiala
1/27/21,,,,SISTEM LOCAL DE COLECTARE - CENTRU S.R.L. ,Centru Colectare Zalau,Salaj,20 01 36,3E,6,UC,Calculatoare personale ,,,202197,,1,2,,,MINICARAVANA,,,,Vârșolț,Salaj,intrare initiala
1/27/21,,,,SISTEM LOCAL DE COLECTARE - CENTRU S.R.L. ,Centru Colectare Zalau,Salaj,20 01 36,3A,6,UC,Unitati centrale de mici dimensiuni <50 cm ,,,202197,,1,15,,,MINICARAVANA,,,,Vârșolț,Salaj,intrare initiala
1/27/21,,,,SISTEM LOCAL DE COLECTARE - CENTRU S.R.L. ,Centru Colectare Zalau,Salaj,20 01 36,1M,4,LDA,Aparate electrice de incalzit,,,202198,,1,81,,,SLC,,,,Zalau,Salaj,intrare initiala
1/27/21,,,,SISTEM LOCAL DE COLECTARE - CENTRU S.R.L. ,Centru Colectare Zalau,Salaj,20 01 36,3L,6,SDA,Alte echipamente IT,,,202201,,5,15,,,SLC,,,,Zalau,Salaj,intrare initiala
1/27/21,,,,SISTEM LOCAL DE COLECTARE - CENTRU S.R.L. ,Centru Colectare Zalau,Salaj,20 01 36,2I,5,SDA,Alte echipamente de mici dimensiuni < 50 cm,,,202201,,8,14,,,SLC,,,,Zalau,Salaj,intrare initiala
1/27/21,,,,SISTEM LOCAL DE COLECTARE - CENTRU S.R.L. ,Centru Colectare Zalau,Salaj,20 01 23*,1B_1,1,C&F,Aparate frigorifice cu continut pentan,,,202201,,1,51,,,SLC,,,,Zalau,Salaj,intrare initiala
1/27/21,,,,SISTEM LOCAL DE COLECTARE - CENTRU S.R.L. ,Centru Colectare Zalau,Salaj,20 01 36,1E,4,LDA,Masini de spalat ,,,202201,,3,206,,,SLC,,,,Zalau,Salaj,intrare initiala
1/27/21,,,,SISTEM LOCAL DE COLECTARE - CENTRU S.R.L. ,Centru Colectare Zalau,Salaj,20 01 35*,4B,2,ECRANE,Televizoare CRT,,,202201,,3,24,,,SLC,,,,Zalau,Salaj,intrare initiala
1/27/21,,,,SISTEM LOCAL DE COLECTARE - CENTRU S.R.L. ,Centru Colectare Zalau,Salaj,20 01 36,5F,5,SDA,Alte echipamente de iluminat  ,,,202204,,3,11,,,MINICARAVANA,,,,Boghiș,Salaj,intrare initiala
1/27/21,,,,SISTEM LOCAL DE COLECTARE - CENTRU S.R.L. ,Centru Colectare Zalau,Salaj,20 01 36,2I,5,SDA,Alte echipamente de mici dimensiuni < 50 cm,,,202204,,9,23,,,MINICARAVANA,,,,Boghiș,Salaj,intrare initiala
1/27/21,,,,SISTEM LOCAL DE COLECTARE - CENTRU S.R.L. ,Centru Colectare Zalau,Salaj,20 01 36,1P,5,SDA,Alte echipamente de ventilare si climatizare ,,,202204,,1,3,,,MINICARAVANA,,,,Boghiș,Salaj,intrare initiala
1/27/21,,,,SISTEM LOCAL DE COLECTARE - CENTRU S.R.L. ,Centru Colectare Zalau,Salaj,20 01 23*,1B_1,1,C&F,Aparate frigorifice cu continut pentan,,,202204,,3,151,,,MINICARAVANA,,,,Boghiș,Salaj,intrare initiala
1/27/21,,,,SISTEM LOCAL DE COLECTARE - CENTRU S.R.L. ,Centru Colectare Zalau,Salaj,20 01 36,2A,5,SDA,Aspiratoare,,,202204,,2,14,,,MINICARAVANA,,,,Boghiș,Salaj,intrare initiala
1/27/21,,,,SISTEM LOCAL DE COLECTARE - CENTRU S.R.L. ,Centru Colectare Zalau,Salaj,20 01 36,3E,6,UC,Calculatoare personale ,,,202204,,1,2,,,MINICARAVANA,,,,Boghiș,Salaj,intrare initiala
1/27/21,,,,SISTEM LOCAL DE COLECTARE - CENTRU S.R.L. ,Centru Colectare Zalau,Salaj,20 01 36,1K,5,SDA,Cuptoare cu microunde,,,202204,,2,27,,,MINICARAVANA,,,,Boghiș,Salaj,intrare initiala
1/27/21,,,,SISTEM LOCAL DE COLECTARE - CENTRU S.R.L. ,Centru Colectare Zalau,Salaj,20 01 36,4H,5,SDA,Echipamente de reproducere sunete si imagini < 50 cm,,,202204,,1,3,,,MINICARAVANA,,,,Boghiș,Salaj,intrare initiala
1/27/21,,,,SISTEM LOCAL DE COLECTARE - CENTRU S.R.L. ,Centru Colectare Zalau,Salaj,20 01 36,3H,6,SDA,Imprimante,,,202204,,5,41,,,MINICARAVANA,,,,Boghiș,Salaj,intrare initiala
1/27/21,,,,SISTEM LOCAL DE COLECTARE - CENTRU S.R.L. ,Centru Colectare Zalau,Salaj,20 01 36,1E,4,LDA,Masini de spalat ,,,202204,,1,72,,,MINICARAVANA,,,,Boghiș,Salaj,intrare initiala
1/27/21,,,,SISTEM LOCAL DE COLECTARE - CENTRU S.R.L. ,Centru Colectare Zalau,Salaj,20 01 35*,3D,2,ECRANE,Monitoare CRT,,,202204,,2,29,,,MINICARAVANA,,,,Boghiș,Salaj,intrare initiala
1/27/21,,,,SISTEM LOCAL DE COLECTARE - CENTRU S.R.L. ,Centru Colectare Zalau,Salaj,20 01 35*,4B,2,ECRANE,Televizoare CRT,,,202204,,8,155,,,MINICARAVANA,,,,Boghiș,Salaj,intrare initiala
1/27/21,,,,SISTEM LOCAL DE COLECTARE - CENTRU S.R.L. ,Centru Colectare Zalau,Salaj,20 01 35*,4B_1,2,ECRANE,Televizoare LCD,,,202204,,1,12,,,MINICARAVANA,,,,Boghiș,Salaj,intrare initiala
1/27/21,,,,SISTEM LOCAL DE COLECTARE - CENTRU S.R.L. ,Centru Colectare Zalau,Salaj,20 01 36,3A,6,UC,Unitati centrale de mici dimensiuni <50 cm ,,,202204,,1,8,,,MINICARAVANA,,,,Boghiș,Salaj,intrare initiala
1/28/21,,,,SISTEM LOCAL DE COLECTARE - CENTRU S.R.L. ,Centru Colectare Zalau,Salaj,20 01 36,1E,4,LDA,Masini de spalat ,,,202261,,1,68,,,SLC,,,,Dan Alina,Salaj,intrare initiala
1/28/21,,,,SISTEM LOCAL DE COLECTARE - CENTRU S.R.L. ,Centru Colectare Zalau,Salaj,20 01 36,1E,4,LDA,Masini de spalat ,,,202375,,1,68,,,SLC,,,,Popa Daniel,Salaj,intrare initiala
1/28/21,,,,SISTEM LOCAL DE COLECTARE - CENTRU S.R.L. ,Centru Colectare Zalau,Salaj,20 01 35*,4B,2,ECRANE,Televizoare CRT,,,202375,,2,38,,,SLC,,,,Popa Daniel,Salaj,intrare initiala
1/28/21,,,,SISTEM LOCAL DE COLECTARE - CENTRU S.R.L. ,Centru Colectare Zalau,Salaj,20 01 36,3L,6,SDA,Alte echipamente IT,,,202451,,8,15,,,MINICARAVANA,,,,Boghiș,Salaj,intrare initiala
1/28/21,,,,SISTEM LOCAL DE COLECTARE - CENTRU S.R.L. ,Centru Colectare Zalau,Salaj,20 01 36,2I,5,SDA,Alte echipamente de mici dimensiuni < 50 cm,,,202451,,4,11,,,MINICARAVANA,,,,Boghiș,Salaj,intrare initiala
1/28/21,,,,SISTEM LOCAL DE COLECTARE - CENTRU S.R.L. ,Centru Colectare Zalau,Salaj,20 01 36,1P,5,SDA,Alte echipamente de ventilare si climatizare ,,,202451,,3,9,,,MINICARAVANA,,,,Boghiș,Salaj,intrare initiala
1/28/21,,,,SISTEM LOCAL DE COLECTARE - CENTRU S.R.L. ,Centru Colectare Zalau,Salaj,20 01 36,4A,5,SDA,Aparate de radio,,,202451,,4,22,,,MINICARAVANA,,,,Boghiș,Salaj,intrare initiala
1/28/21,,,,SISTEM LOCAL DE COLECTARE - CENTRU S.R.L. ,Centru Colectare Zalau,Salaj,20 01 36,1M,4,LDA,Aparate electrice de incalzit,,,202451,,1,42,,,MINICARAVANA,,,,Boghiș,Salaj,intrare initiala
1/28/21,,,,SISTEM LOCAL DE COLECTARE - CENTRU S.R.L. ,Centru Colectare Zalau,Salaj,20 01 36,2A,5,SDA,Aspiratoare,,,202451,,4,19,,,MINICARAVANA,,,,Boghiș,Salaj,intrare initiala
1/28/21,,,,SISTEM LOCAL DE COLECTARE - CENTRU S.R.L. ,Centru Colectare Zalau,Salaj,20 01 36,3E,6,UC,Calculatoare personale ,,,202451,,1,2,,,MINICARAVANA,,,,Boghiș,Salaj,intrare initiala
1/28/21,,,,SISTEM LOCAL DE COLECTARE - CENTRU S.R.L. ,Centru Colectare Zalau,Salaj,20 01 36,1K,5,SDA,Cuptoare cu microunde,,,202451,,2,12,,,MINICARAVANA,,,,Boghiș,Salaj,intrare initiala
1/28/21,,,,SISTEM LOCAL DE COLECTARE - CENTRU S.R.L. ,Centru Colectare Zalau,Salaj,20 01 36,4H,5,SDA,Echipamente de reproducere sunete si imagini < 50 cm,,,202451,,5,17,,,MINICARAVANA,,,,Boghiș,Salaj,intrare initiala
1/28/21,,,,SISTEM LOCAL DE COLECTARE - CENTRU S.R.L. ,Centru Colectare Zalau,Salaj,20 01 36,3N,6,SDA,Fax,,,202451,,2,6,,,MINICARAVANA,,,,Boghiș,Salaj,intrare initiala
1/28/21,,,,SISTEM LOCAL DE COLECTARE - CENTRU S.R.L. ,Centru Colectare Zalau,Salaj,20 01 36,3H,6,SDA,Imprimante,,,202451,,4,20,,,MINICARAVANA,,,,Boghiș,Salaj,intrare initiala
1/28/21,,,,SISTEM LOCAL DE COLECTARE - CENTRU S.R.L. ,Centru Colectare Zalau,Salaj,20 01 35*,3D,2,ECRANE,Monitoare CRT,,,202451,,5,72,,,MINICARAVANA,,,,Boghiș,Salaj,intrare initiala
1/28/21,,,,SISTEM LOCAL DE COLECTARE - CENTRU S.R.L. ,Centru Colectare Zalau,Salaj,20 01 35*,3D_1,2,ECRANE,Monitoare LCD,,,202451,,3,14,,,MINICARAVANA,,,,Boghiș,Salaj,intrare initiala
1/28/21,,,,SISTEM LOCAL DE COLECTARE - CENTRU S.R.L. ,Centru Colectare Zalau,Salaj,20 01 36,3S,6,GSM,Telefoane mobile,,,202451,,5,0.8,,,MINICARAVANA,,,,Boghiș,Salaj,intrare initiala
1/28/21,,,,SISTEM LOCAL DE COLECTARE - CENTRU S.R.L. ,Centru Colectare Zalau,Salaj,20 01 35*,4B,2,ECRANE,Televizoare CRT,,,202451,,15,321,,,MINICARAVANA,,,,Boghiș,Salaj,intrare initiala
1/28/21,,,,SISTEM LOCAL DE COLECTARE - CENTRU S.R.L. ,Centru Colectare Zalau,Salaj,20 01 35*,4B_1,2,ECRANE,Televizoare LCD,,,202451,,1,14,,,MINICARAVANA,,,,Boghiș,Salaj,intrare initiala
1/28/21,,,,SISTEM LOCAL DE COLECTARE - CENTRU S.R.L. ,Centru Colectare Zalau,Salaj,20 01 36,6D,5,SDA,Unelte electrice si electronice,,,202451,,3,11,,,MINICARAVANA,,,,Boghiș,Salaj,intrare initiala
1/28/21,,,,SISTEM LOCAL DE COLECTARE - CENTRU S.R.L. ,Centru Colectare Zalau,Salaj,20 01 36,3A,6,UC,Unitati centrale de mici dimensiuni <50 cm ,,,202451,,2,21,,,MINICARAVANA,,,,Boghiș,Salaj,intrare initiala
1/28/21,,,,SISTEM LOCAL DE COLECTARE - CENTRU S.R.L. ,Centru Colectare Zalau,Salaj,20 01 36,5F,5,SDA,Alte echipamente de iluminat  ,,,202477,,4,42,,,INSTITUTII / FIRME,,,,Comuna Boghiș,Salaj,intrare initiala
1/28/21,,,,SISTEM LOCAL DE COLECTARE - CENTRU S.R.L. ,Centru Colectare Zalau,Salaj,20 01 36,1M,4,LDA,Aparate electrice de incalzit,,,202477,,1,42,,,INSTITUTII / FIRME,,,,Comuna Boghiș,Salaj,intrare initiala
1/28/21,,,,SISTEM LOCAL DE COLECTARE - CENTRU S.R.L. ,Centru Colectare Zalau,Salaj,20 01 36,3H,6,SDA,Imprimante,,,202477,,3,46,,,INSTITUTII / FIRME,,,,Comuna Boghiș,Salaj,intrare initiala
1/28/21,,,,SISTEM LOCAL DE COLECTARE - CENTRU S.R.L. ,Centru Colectare Zalau,Salaj,20 01 36,6D,5,SDA,Unelte electrice si electronice,,,202477,,2,8,,,INSTITUTII / FIRME,,,,Comuna Boghiș,Salaj,intrare initiala
1/28/21,,,,SISTEM LOCAL DE COLECTARE - CENTRU S.R.L. ,Centru Colectare Zalau,Salaj,20 01 36,3A,6,UC,Unitati centrale de mici dimensiuni <50 cm ,,,202477,,2,11,,,INSTITUTII / FIRME,,,,Comuna Boghiș,Salaj,intrare initiala
1/29/21,SAT AN S.R.L.,SAT AN ZALAU,SISTEM LOCAL DE COLECTARE - CENTRU S.R.L. ,SISTEM LOCAL DE COLECTARE - CENTRU S.R.L. ,Centru Colectare Zalau,Salaj,20 01 23*,1B_1,1,C&F,Aparate frigorifice cu continut pentan,6,276,202523,16014,6,271,,,Magazin; ,CASARE,,,,,intrare prin NIR
1/29/21,SAT AN S.R.L.,SAT AN ZALAU,SISTEM LOCAL DE COLECTARE - CENTRU S.R.L. ,SISTEM LOCAL DE COLECTARE - CENTRU S.R.L. ,Centru Colectare Zalau,Salaj,20 01 36,1E,4,LDA,Masini de spalat ,4,204,202523,16014,4,185,,,Magazin; ,CASARE,,,,,intrare prin NIR
1/29/21,SAT AN S.R.L.,SAT AN ZALAU,SISTEM LOCAL DE COLECTARE - CENTRU S.R.L. ,SISTEM LOCAL DE COLECTARE - CENTRU S.R.L. ,Centru Colectare Zalau,Salaj,20 01 35*,4B,2,ECRANE,Televizoare CRT,1,25,202523,16014,1,31,,,Magazin; ,CASARE,,,,,intrare prin NIR
1/29/21,,,,SISTEM LOCAL DE COLECTARE - CENTRU S.R.L. ,Centru Colectare Zalau,Salaj,20 01 36,3L,6,SDA,Alte echipamente IT,,,202607,,3,4,,,PATRULA DE RECICLARE,,,,LICEUL TEHNOLOGIC CSEREY-GOGA,Salaj,intrare initiala
1/29/21,,,,SISTEM LOCAL DE COLECTARE - CENTRU S.R.L. ,Centru Colectare Zalau,Salaj,20 01 36,1P,5,SDA,Alte echipamente de ventilare si climatizare ,,,202607,,1,6,,,PATRULA DE RECICLARE,,,,LICEUL TEHNOLOGIC CSEREY-GOGA,Salaj,intrare initiala
1/29/21,,,,SISTEM LOCAL DE COLECTARE - CENTRU S.R.L. ,Centru Colectare Zalau,Salaj,20 01 36,4A,5,SDA,Aparate de radio,,,202607,,1,5,,,PATRULA DE RECICLARE,,,,LICEUL TEHNOLOGIC CSEREY-GOGA,Salaj,intrare initiala
1/29/21,,,,SISTEM LOCAL DE COLECTARE - CENTRU S.R.L. ,Centru Colectare Zalau,Salaj,20 01 36,2A,5,SDA,Aspiratoare,,,202607,,3,17,,,PATRULA DE RECICLARE,,,,LICEUL TEHNOLOGIC CSEREY-GOGA,Salaj,intrare initiala
1/29/21,,,,SISTEM LOCAL DE COLECTARE - CENTRU S.R.L. ,Centru Colectare Zalau,Salaj,20 01 36,1K,5,SDA,Cuptoare cu microunde,,,202607,,1,10,,,PATRULA DE RECICLARE,,,,LICEUL TEHNOLOGIC CSEREY-GOGA,Salaj,intrare initiala
1/29/21,,,,SISTEM LOCAL DE COLECTARE - CENTRU S.R.L. ,Centru Colectare Zalau,Salaj,20 01 36,3M,4,LDA,Fotocopiatoare >50 cm ,,,202607,,1,45,,,PATRULA DE RECICLARE,,,,LICEUL TEHNOLOGIC CSEREY-GOGA,Salaj,intrare initiala
1/29/21,,,,SISTEM LOCAL DE COLECTARE - CENTRU S.R.L. ,Centru Colectare Zalau,Salaj,20 01 36,3H,6,SDA,Imprimante,,,202607,,1,5,,,PATRULA DE RECICLARE,,,,LICEUL TEHNOLOGIC CSEREY-GOGA,Salaj,intrare initiala
1/29/21,,,,SISTEM LOCAL DE COLECTARE - CENTRU S.R.L. ,Centru Colectare Zalau,Salaj,20 01 35*,3D,2,ECRANE,Monitoare CRT,,,202607,,2,28,,,PATRULA DE RECICLARE,,,,LICEUL TEHNOLOGIC CSEREY-GOGA,Salaj,intrare initiala
1/29/21,,,,SISTEM LOCAL DE COLECTARE - CENTRU S.R.L. ,Centru Colectare Zalau,Salaj,20 01 35*,3D_1,2,ECRANE,Monitoare LCD,,,202607,,2,8,,,PATRULA DE RECICLARE,,,,LICEUL TEHNOLOGIC CSEREY-GOGA,Salaj,intrare initiala
1/29/21,,,,SISTEM LOCAL DE COLECTARE - CENTRU S.R.L. ,Centru Colectare Zalau,Salaj,20 01 35*,4B,2,ECRANE,Televizoare CRT,,,202607,,1,16,,,PATRULA DE RECICLARE,,,,LICEUL TEHNOLOGIC CSEREY-GOGA,Salaj,intrare initiala
1/29/21,,,,SISTEM LOCAL DE COLECTARE - CENTRU S.R.L. ,Centru Colectare Zalau,Salaj,20 01 36,3A,6,UC,Unitati centrale de mici dimensiuni <50 cm ,,,202607,,24,160,,,PATRULA DE RECICLARE,,,,LICEUL TEHNOLOGIC CSEREY-GOGA,Salaj,intrare initiala
1/29/21,,,,SISTEM LOCAL DE COLECTARE - CENTRU S.R.L. ,Centru Colectare Zalau,Salaj,20 01 36,3L,6,SDA,Alte echipamente IT,,,202609,,5,5,,,MINICARAVANA,,,,Boghiș,Salaj,intrare initiala
1/29/21,,,,SISTEM LOCAL DE COLECTARE - CENTRU S.R.L. ,Centru Colectare Zalau,Salaj,20 01 36,4A,5,SDA,Aparate de radio,,,202609,,3,15,,,MINICARAVANA,,,,Boghiș,Salaj,intrare initiala
1/29/21,,,,SISTEM LOCAL DE COLECTARE - CENTRU S.R.L. ,Centru Colectare Zalau,Salaj,20 01 36,4H,5,SDA,Echipamente de reproducere sunete si imagini < 50 cm,,,202609,,2,2,,,MINICARAVANA,,,,Boghiș,Salaj,intrare initiala
1/29/21,,,,SISTEM LOCAL DE COLECTARE - CENTRU S.R.L. ,Centru Colectare Zalau,Salaj,20 01 36,1E,4,LDA,Masini de spalat ,,,202609,,1,72,,,MINICARAVANA,,,,Boghiș,Salaj,intrare initiala
1/29/21,,,,SISTEM LOCAL DE COLECTARE - CENTRU S.R.L. ,Centru Colectare Zalau,Salaj,20 01 35*,3D,2,ECRANE,Monitoare CRT,,,202609,,1,27,,,MINICARAVANA,,,,Boghiș,Salaj,intrare initiala
1/29/21,,,,SISTEM LOCAL DE COLECTARE - CENTRU S.R.L. ,Centru Colectare Zalau,Salaj,20 01 35*,4B,2,ECRANE,Televizoare CRT,,,202609,,8,146,,,MINICARAVANA,,,,Boghiș,Salaj,intrare initiala